<?xml version="1.0" encoding="UTF-8"?>
<project-private xmlns="http://www.netbeans.org/ns/project-private/1">
    <editor-bookmarks xmlns="http://www.netbeans.org/ns/editor-bookmarks/2" lastBookmarkId="0"/>
    <open-files xmlns="http://www.netbeans.org/ns/projectui-open-files/2">
        <group name="PrimerTrimestre">
            <file>file:/C:/Users/ignac/OneDrive/Escritorio/Miscelania/Clases/Programacion/SegundoTrimestre/Tarea21HerenciaEjercicio2/llamaditas/src/llamaditas/terminal.java</file>
            <file>file:/C:/Users/ignac/OneDrive/Escritorio/Miscelania/Clases/Programacion/SegundoTrimestre/Tarea21HerenciaEjercicio2/llamaditas/src/llamaditas/Llamaditas.java</file>
            <file>file:/C:/Users/ignac/OneDrive/Escritorio/Miscelania/Clases/Programacion/SegundoTrimestre/Tarea21HerenciaEjercicio2/llamaditas/src/llamaditas/movil.java</file>
        </group>
    </open-files>
</project-private>
